"keys","fr","mg","en"
"PAUSE","PAUSE","MIATO","PAUSE"
"Continuer","Continuer","Tohizana","Continue"
"Sauvegarder","Sauvegarder","Tehirizina","Save"
"Quitter","Quitter","Hivoaka","Quit"
"Langue : %s","Langue : %s","Fiteny : %s","Language: %s"
"Fermer","Fermer","Hidio","Close"
"Acheter","Acheter","Hividy","Buy"
"Annuler","Annuler","Foanana","Cancel"
"Houe","Houe","Angady","Hoe"
"Arrosoir","Arrosoir","Fanondrahana","Watering can"
"Graines","Graines","Voam-boly","Seeds"
"Récolte","Récolte","Fijinjana","Harvest"
"Asara","Asara","Asara","Asara"
"Asotry","Asotry","Asotry","Asotry"
"Inventaire","Inventaire","Tahiry","Inventory"
"Rien dans cette catégorie
pour l'instant.","Rien dans cette catégorie
pour l'instant.","Mbola tsy misy na inona na inona
ato amin'ity sokajy ity.","Nothing in this category
yet."
"Argent : %s","Argent : %s","Vola : %s","Money: %s"
"Aucun objet","Aucun objet","Tsy misy entana","No item"
"%d objet","%d objet","%d entana","%d item"
"%d objets","%d objets","%d entana","%d items"
"vide","vide","foana","empty"
"Cultures","Cultures","Voly","Crops"
"Animaux","Animaux","Biby","Animals"
"Outils","Outils","Fitaovana","Tools"
"Nourriture","Nourriture","Sakafo","Food"
"Toute saison","Toute saison","Mandavan-taona","Any season"
"Faible","Faible","Kely","Low"
"Moyen","Moyen","Antonony","Medium"
"Élevé","Élevé","Be","High"
"Culture vivrière","Culture vivrière","Voly fihinana","Food crop"
"Culture de rente","Culture de rente","Voly ivarotana","Cash crop"
"Culture d'export","Culture d'export","Voly fanondranana","Export crop"
"À semer sur une parcelle labourée, puis à arroser chaque jour.","À semer sur une parcelle labourée, puis à arroser chaque jour.","Afafy amin'ny tanimboly voaasa, dia tondrahana isan'andro.","Sow on a tilled plot, then water it every day."
"Pousse en","Pousse en","Fitomboana","Grows in"
"%d jours","%d jours","%d andro","%d days"
"Saison idéale","Saison idéale","Fotoana mety","Best season"
"Besoin en eau","Besoin en eau","Filàna rano","Water need"
"Rendement","Rendement","Vokatra","Yield"
"Prix d'achat","Prix d'achat","Vidiny","Buy price"
"Prix de vente","Prix de vente","Vidiny amidy","Sell price"
"Type","Type","Karazana","Type"
"Fraîchement récolté. À vendre au marché ou à garder pour plus tard.","Fraîchement récolté. À vendre au marché ou à garder pour plus tard.","Vao nojinjaina. Amidy eny an-tsena na tehirizina ho avy eo.","Freshly harvested. Sell it at the market or keep it for later."
"%d à %d","%d à %d","%d hatramin'ny %d","%d to %d"
"🌱 Graines","🌱 Graines","🌱 Voam-boly","🌱 Seeds"
"🔨 Outils","🔨 Outils","🔨 Fitaovana","🔨 Tools"
"🍚 Nourriture","🍚 Nourriture","🍚 Sakafo","🍚 Food"
"🐓 Animaux","🐓 Animaux","🐓 Biby fiompy","🐓 Animals"
"Panier vide","Panier vide","Sobika foana","Empty basket"
"Confirmer l'achat","Confirmer l'achat","Hamarino ny fividianana","Confirm purchase"
"Ajouter","Ajouter","Ampidiro","Add"
"Verrouillé","Verrouillé","Mbola hidy","Locked"
"Vendre 1 (%s)","Vendre 1 (%s)","Hivarotra 1 (%s)","Sell 1 (%s)"
"Graine de %s","Graine de %s","Voan'ny %s","%s seed"
"Pousse en %d jours. Idéal en %s.","Pousse en %d jours. Idéal en %s.","Maniry ao anatin'ny %d andro. Tsara indrindra amin'ny %s.","Grows in %d days. Best in %s."
"toute saison","toute saison","mandavan-taona","any season"
"Enclos des poules","Enclos des poules","Valan'akoho","Chicken pen"
"%s (débloqué)","%s (débloqué)","%s (voavoha)","%s (unlocked)"
"%s (%d parcelles)","%s (%d parcelles)","%s (tanimboly %d)","%s (%d plots)"
"Déjà débloqué.","Déjà débloqué.","Efa voavoha.","Already unlocked."
"Déjà acheté","Déjà acheté","Efa novidina","Already bought"
"%s débloqué !","%s débloqué !","Voavoha ny %s!","%s unlocked!"
"Fonds insuffisants !","Fonds insuffisants !","Tsy ampy ny vola!","Not enough money!"
"Acheter 1 parcelle","Acheter 1 parcelle","Hividy tanimboly 1","Buy 1 plot"
"Acheter patch 3x3 (9 parcelles)","Acheter patch 3x3 (9 parcelles)","Hividy 3x3 (tanimboly 9)","Buy a 3x3 patch (9 plots)"
"Acheter patch 5x5 (25 parcelles)","Acheter patch 5x5 (25 parcelles)","Hividy 5x5 (tanimboly 25)","Buy a 5x5 patch (25 plots)"
"Zone d'expansion : %d/%d (E)","Zone d'expansion : %d/%d (E)","Faritra fanitarana : %d/%d (E)","Expansion zone: %d/%d (E)"
"Zone d'expansion : %d / %d parcelles","Zone d'expansion : %d / %d parcelles","Faritra fanitarana : tanimboly %d / %d","Expansion zone: %d / %d plots"
"Zone d'expansion : %d / %d parcelles (voir le panneau)","Zone d'expansion : %d / %d parcelles (voir le panneau)","Faritra fanitarana : tanimboly %d / %d (jereo ny takelaka)","Expansion zone: %d / %d plots (see the sign)"
"%s — %s (voir le panneau)","%s — %s (voir le panneau)","%s — %s (jereo ny takelaka)","%s — %s (see the sign)"
"%d parcelle débloquée !","%d parcelle débloquée !","Tanimboly %d voavoha!","%d plot unlocked!"
"%d parcelles débloquées !","%d parcelles débloquées !","Tanimboly %d voavoha!","%d plots unlocked!"
"Fonds insuffisants ou capacité atteinte !","Fonds insuffisants ou capacité atteinte !","Tsy ampy ny vola na feno ny faritra!","Not enough money or zone full!"
"Maïs","Maïs","Katsaka","Corn"
"Manioc","Manioc","Mangahazo","Cassava"
"Patate douce","Patate douce","Vomanga","Sweet potato"
"Riz","Riz","Vary","Rice"
"Haricot","Haricot","Tsaramaso","Bean"
"Arachide","Arachide","Voanjo","Peanut"
"Tomate","Tomate","Voatabia","Tomato"
"Pomme de terre","Pomme de terre","Ovy","Potato"
"Café","Café","Kafe","Coffee"
"Girofle","Girofle","Jirofo","Clove"
"Vanille","Vanille","Lavanila","Vanilla"
"Litchi","Litchi","Letchi","Lychee"
"Poule","Poule","Akoho vavy","Hen"
"Poulet","Poulet","Akoho","Chicken"
"Zébu","Zébu","Omby","Zebu"
"Œuf","Œuf","Atody","Egg"
"Riz aux brèdes","Riz aux brèdes","Vary amin'anana","Rice with greens"
"Riz et accompagnement","Riz et accompagnement","Vary sy laoka","Rice and side dish"
"Angady","Angady","Angady","Angady"
"Arrosoir en fer-blanc","Arrosoir en fer-blanc","Fitondran-drano","Tin watering can"
"Terrain de l'Est","Terrain de l'Est","Tany Atsinanana","East field"
"Terrain du Sud","Terrain du Sud","Tany Atsimo","South field"
"Poulailler","Poulailler","Tranon'akoho","Chicken coop"
"Maison du joueur","Maison du joueur","Tranon'ny mpilalao","Player's house"
"Village","Village","Tanàna","Village"
"Un poulet pour commencer le poulailler familial.","Un poulet pour commencer le poulailler familial.","Akoho iray hanombohana ny fiompiana ao an-tokantrano.","A chicken to start the family coop."
"Le zébu, symbole de richesse et de statut dans la culture malgache.","Le zébu, symbole de richesse et de statut dans la culture malgache.","Ny omby, mariky ny harena sy ny laza amin'ny kolontsaina malagasy.","The zebu, a symbol of wealth and status in Malagasy culture."
"Récolté au poulailler. Ne s'achète pas, seulement à vendre.","Récolté au poulailler. Ne s'achète pas, seulement à vendre.","Angonina ao amin'ny tranon'akoho. Tsy azo vidiana, amidy ihany.","Collected at the chicken coop. Can't be bought, only sold."
"Un plat mijoté de riz et de brèdes, réconfortant après une longue journée aux champs.","Un plat mijoté de riz et de brèdes, réconfortant après une longue journée aux champs.","Vary amin'anana nandrahoina, mampahery rehefa avy niasa tany an-tsaha tontolo andro.","A simmered dish of rice and greens, comforting after a long day in the fields."
"Le repas de base malgache : riz accompagné d'un petit plat.","Le repas de base malgache : riz accompagné d'un petit plat.","Ny sakafo fototra malagasy : vary miaraka amin'ny laoka kely.","The Malagasy staple meal: rice with a small side dish."
"La bêche traditionnelle malgache. Creuse plus profond qu'une simple houe.","La bêche traditionnelle malgache. Creuse plus profond qu'une simple houe.","Ny angady nentin-drazana malagasy. Mihady lalina kokoa noho ny fangady tsotra.","The traditional Malagasy spade. Digs deeper than a simple hoe."
"Un arrosoir robuste fait par le forgeron du village.","Un arrosoir robuste fait par le forgeron du village.","Fanondrahana mateza nataon'ny mpanefy ao an-tanàna.","A sturdy watering can made by the village blacksmith."
"Un terrain supplémentaire prêt à cultiver, à l'est du champ principal.","Un terrain supplémentaire prêt à cultiver, à l'est du champ principal.","Tany fanampiny vonona hambolena, atsinanan'ny tanimboly lehibe.","An extra field ready to farm, east of the main field."
"Une grande étendue au sud, idéale pour agrandir l'exploitation.","Une grande étendue au sud, idéale pour agrandir l'exploitation.","Tany midadasika any atsimo, tsara hanitarana ny toeram-pambolena.","A wide stretch to the south, ideal for growing the farm."
"Graines (%s) : %d","Graines (%s) : %d","Voam-boly (%s): %d","Seeds (%s): %d"
"Récolte (%s) : %d","Récolte (%s) : %d","Vokatra (%s): %d","Harvest (%s): %d"
"Outil : %s","Outil : %s","Fitaovana: %s","Tool: %s"
"Total : %s","Total : %s","Fitambarany: %s","Total: %s"
"Tu as : %d","Tu as : %d","Anananao: %d","You have: %d"
"Marché du village","Marché du village","Tsenan'ny tanàna","Village market"
"Panier","Panier","Sobika","Basket"
"Graine de maïs","Graine de maïs","Voan-katsaka","Corn seed"
"Graine de manioc","Graine de manioc","Taho-mangahazo","Cassava seed"
"Graine de patate douce","Graine de patate douce","Taho-bomanga","Sweet potato seed"
"Graine de riz","Graine de riz","Voam-bary","Rice seed"
"Graine de haricot","Graine de haricot","Voan-tsaramaso","Bean seed"
"Graine d'arachide","Graine d'arachide","Voanjo fambolena","Peanut seed"
"Graine de tomate","Graine de tomate","Voan-boatabia","Tomato seed"
"Graine de pomme de terre","Graine de pomme de terre","Ovy fambolena","Potato seed"
"Graine de café","Graine de café","Voan-kafe","Coffee seed"
"Graine de girofle","Graine de girofle","Voan-jirofo","Clove seed"
"Graine de vanille","Graine de vanille","Taho-lavanila","Vanilla seed"
"Graine de litchi","Graine de litchi","Voan-letchi","Lychee seed"
"Labourer","Labourer","Hiasa tany","Till"
"Arroser","Arroser","Hanondraka","Water"
"Planter","Planter","Hamboly","Plant"
"Récolter","Récolter","Hijinja","Harvest"
"Espace","Espace","Espace","Space"
"Tab","Tab","Tab","Tab"
"Échap","Échap","Échap","Esc"
"%s · Jour %d","%s · Jour %d","%s · Andro %d","%s · Day %d"
"An %d","An %d","Taona %d","Year %d"
"Retirer","Retirer","Esory","Remove"
"Une houe simple, pour labourer la terre avant de semer.","Une houe simple, pour labourer la terre avant de semer.","Fangady tsotra, hiasana ny tany alohan'ny hamafazana.","A simple hoe, to till the soil before sowing."
"Un arrosoir tout simple, pour arroser les cultures chaque jour.","Un arrosoir tout simple, pour arroser les cultures chaque jour.","Fanondrahana tsotra, hanondrahana ny voly isan'andro.","A plain watering can, to water the crops every day."
"Tab : catégorie  ·  Flèches : objet  ·  1-8 : barre","Tab : catégorie  ·  Flèches : objet  ·  1-8 : barre","Tab : sokajy  ·  Zana-tsipìka : entana  ·  1-8 : an-tanana","Tab: category  ·  Arrows: item  ·  1-8: hotbar"
"Élevage","Élevage","Fiompiana","Livestock"
"Quantité : %d","Quantité : %d","Isa : %d","Quantity: %d"
"%s - à installer","%s - à installer","%s - hapetraka","%s - to settle"
"Le marchand te la garde : va au poulailler et appuie sur %s pour l'installer.","Le marchand te la garde : va au poulailler et appuie sur %s pour l'installer.","Tahirizin'ny mpivarotra ho anao izy : mandehana any amin'ny tranon'akoho ary tsindrio %s hametrahana azy.","The seller is keeping it for you: go to the chicken coop and press %s to settle it in."
"En attente : %d","En attente : %d","Miandry : %d","Waiting: %d"
"Eau","Eau","Rano","Water"
"Donnée","Donnée","Nomena","Given"
"À donner","À donner","Tokony homena","To give"
"Âge","Âge","Taona","Age"
"Soins réguliers","Soins réguliers","Fikarakarana tsy tapaka","Steady care"
"%d jours d'affilée","%d jours d'affilée","%d andro misesy","%d days in a row"
"Ponte","Ponte","Fanatodizana","Laying"
"tous les %d jours","tous les %d jours","isaky ny %d andro","every %d days"
"%s n°%d","%s n°%d","%s faha-%d","%s #%d"
"Au poulailler","Au poulailler","Ao amin'ny tranon'akoho","In the chicken coop"
"A très faim ! Occupe-t'en vite.","A très faim ! Occupe-t'en vite.","Noana be ! Karakarao haingana.","Very hungry! Take care of it quickly."
"En pleine forme aujourd'hui.","En pleine forme aujourd'hui.","Salama tsara androany.","In great shape today."
"Attend à manger et à boire.","Attend à manger et à boire.","Miandry sakafo sy rano.","Waiting for food and water."
"Attend à manger.","Attend à manger.","Miandry sakafo.","Waiting for food."
"Attend à boire.","Attend à boire.","Miandry rano.","Waiting for water."
"Nouvel animal : %s ! Va au poulailler et appuie sur %s pour l'installer.","Nouvel animal : %s ! Va au poulailler et appuie sur %s pour l'installer.","Biby vaovao : %s ! Mandehana any amin'ny tranon'akoho ary tsindrio %s hametrahana azy.","New animal: %s! Go to the chicken coop and press %s to settle it in."
"Construire le poulailler (%s)","Construire le poulailler (%s)","Hanorina ny tranon'akoho (%s)","Build the chicken coop (%s)"
"Installer une poule (%d en attente)","Installer une poule (%d en attente)","Hametraka akoho vavy (%d miandry)","Settle a hen (%d waiting)"
"Poulailler construit !","Poulailler construit !","Vita ny tranon'akoho !","Chicken coop built!"
"Il te faut %s pour construire le poulailler.","Il te faut %s pour construire le poulailler.","Mila %s ianao hanorenana ny tranon'akoho.","You need %s to build the chicken coop."
"Poule installée ! (%s)","Poule installée ! (%s)","Voapetraka ny akoho vavy ! (%s)","Hen settled! (%s)"
"Poulailler plein (%s)","Poulailler plein (%s)","Feno ny tranon'akoho (%s)","Chicken coop full (%s)"
"Aucune poule à installer : achètes-en au marché.","Aucune poule à installer : achètes-en au marché.","Tsy misy akoho vavy hapetraka : mividiana eny an-tsena.","No hen to settle: buy some at the market."
"%d jour","%d jour","%d andro","%d day"
"%d jour d'affilée","%d jour d'affilée","%d andro misesy","%d day in a row"
"Mangue","Mangue","Manga","Mango"
"Manguier","Manguier","Hazo manga","Mango tree"
"Cueillie sur les manguiers pendant Asara. Ne s'achète pas, seulement à vendre.","Cueillie sur les manguiers pendant Asara. Ne s'achète pas, seulement à vendre.","Notsongoina tamin'ny hazo manga nandritra ny Asara. Tsy azo vidiana, amidy ihany.","Picked from mango trees during Asara. Can't be bought, only sold."
"Cueillir (%s)","Cueillir (%s)","Hanotsongana (%s)","Pick (%s)"
"%s : fruits dans %d jours","%s : fruits dans %d jours","%s : voankazo afaka %d andro","%s: fruit in %d days"
"%s : fruits en %s","%s : fruits en %s","%s : voankazo amin'ny %s","%s: fruit in %s"
"+%d %s","+%d %s","+%d %s","+%d %s"
"%s : fruits demain","%s : fruits demain","%s : voankazo rahampitso","%s: fruit tomorrow"
"Rizière haute","Rizière haute","Tanimbary ambony","Upper rice paddy"
"Rizière basse","Rizière basse","Tanimbary ambany","Lower rice paddy"
"Terres fertiles du nord","Terres fertiles du nord","Tany lonaka avaratra","Northern fertile land"
"Terres fertiles du sud","Terres fertiles du sud","Tany lonaka atsimo","Southern fertile land"
"Trois bassins de rizière irrigués par le canal : ils ne s'arrosent jamais, mais n'acceptent que le riz.","Trois bassins de rizière irrigués par le canal : ils ne s'arrosent jamais, mais n'acceptent que le riz.","Tanimbary telo voatondraka avy amin'ny lakandrano : tsy mila tondrahana mihitsy, fa vary ihany no azo ambolena.","Three paddies fed by the canal: they never need watering, but only take rice."
"Trois bassins de rizière en contrebas, toujours inondés : le riz y pousse sans arrosoir.","Trois bassins de rizière en contrebas, toujours inondés : le riz y pousse sans arrosoir.","Tanimbary telo ambany, feno rano foana : maniry tsy misy fanondrahana ny vary.","Three lower paddies, always flooded: rice grows there without a watering can."
"Une terre grasse et sombre au bord du ruisseau, prête à cultiver.","Une terre grasse et sombre au bord du ruisseau, prête à cultiver.","Tany lonaka sy mainty eo amoron'ny renirano, vonona hambolena.","Rich, dark soil by the stream, ready to farm."
"Le plus grand terrain de la vallée, une terre fertile pour toutes les cultures.","Le plus grand terrain de la vallée, une terre fertile pour toutes les cultures.","Ny tany lehibe indrindra ao amin'ny lohasaha, tany lonaka ho an'ny voly rehetra.","The largest plot in the valley, fertile land for every crop."
"Rizières","Rizières","Tanimbary","Rice fields"
